date,state,manufacturing_employment
1990-01-01,California,1985.5
1990-01-01,Indiana,605.6
1990-01-01,Michigan,810.0
1990-01-01,Ohio,1044.4
1990-01-01,Texas,938.9
1990-02-01,California,1985.4
1990-02-01,Indiana,607.3
1990-02-01,Michigan,836.0
1990-02-01,Ohio,1061.6
1990-02-01,Texas,939.4
1990-03-01,California,1982.7
1990-03-01,Indiana,609.6
1990-03-01,Michigan,848.3
1990-03-01,Ohio,1064.6
1990-03-01,Texas,940.7
1990-04-01,California,1983.1
1990-04-01,Indiana,609.6
1990-04-01,Michigan,843.3
1990-04-01,Ohio,1068.6
1990-04-01,Texas,942.1
1990-05-01,California,1980.3
1990-05-01,Indiana,609.7
1990-05-01,Michigan,838.1
1990-05-01,Ohio,1068.6
1990-05-01,Texas,940.6
1990-06-01,California,1974.6
1990-06-01,Indiana,609.7
1990-06-01,Michigan,841.8
1990-06-01,Ohio,1069.4
1990-06-01,Texas,942.0
1990-07-01,California,1970.3
1990-07-01,Indiana,612.3
1990-07-01,Michigan,838.1
1990-07-01,Ohio,1068.2
1990-07-01,Texas,947.5
1990-08-01,California,1964.0
1990-08-01,Indiana,609.9
1990-08-01,Michigan,832.2
1990-08-01,Ohio,1066.3
1990-08-01,Texas,950.2
1990-09-01,California,1953.3
1990-09-01,Indiana,608.0
1990-09-01,Michigan,832.2
1990-09-01,Ohio,1064.8
1990-09-01,Texas,950.1
1990-10-01,California,1951.5
1990-10-01,Indiana,606.6
1990-10-01,Michigan,830.7
1990-10-01,Ohio,1059.3
1990-10-01,Texas,951.0
1990-11-01,California,1944.4
1990-11-01,Indiana,593.9
1990-11-01,Michigan,806.3
1990-11-01,Ohio,1042.6
1990-11-01,Texas,949.3
1990-12-01,California,1939.2
1990-12-01,Indiana,591.4
1990-12-01,Michigan,798.7
1990-12-01,Ohio,1038.9
1990-12-01,Texas,944.2
1991-01-01,California,1942.6
1991-01-01,Indiana,589.9
1991-01-01,Michigan,783.2
1991-01-01,Ohio,1034.3
1991-01-01,Texas,947.5
1991-02-01,California,1928.9
1991-02-01,Indiana,579.8
1991-02-01,Michigan,785.4
1991-02-01,Ohio,1020.0
1991-02-01,Texas,946.9
1991-03-01,California,1915.3
1991-03-01,Indiana,573.3
1991-03-01,Michigan,774.2
1991-03-01,Ohio,1020.1
1991-03-01,Texas,945.7
1991-04-01,California,1914.9
1991-04-01,Indiana,582.7
1991-04-01,Michigan,774.2
1991-04-01,Ohio,1018.9
1991-04-01,Texas,936.9
1991-05-01,California,1902.1
1991-05-01,Indiana,584.5
1991-05-01,Michigan,784.1
1991-05-01,Ohio,1019.0
1991-05-01,Texas,936.0
1991-06-01,California,1891.7
1991-06-01,Indiana,586.0
1991-06-01,Michigan,782.3
1991-06-01,Ohio,1021.0
1991-06-01,Texas,936.1
1991-07-01,California,1879.4
1991-07-01,Indiana,588.6
1991-07-01,Michigan,790.3
1991-07-01,Ohio,1018.1
1991-07-01,Texas,931.9
1991-08-01,California,1880.4
1991-08-01,Indiana,588.7
1991-08-01,Michigan,784.8
1991-08-01,Ohio,1019.2
1991-08-01,Texas,930.4
1991-09-01,California,1875.3
1991-09-01,Indiana,589.3
1991-09-01,Michigan,791.1
1991-09-01,Ohio,1016.6
1991-09-01,Texas,929.4
1991-10-01,California,1876.4
1991-10-01,Indiana,591.1
1991-10-01,Michigan,792.4
1991-10-01,Ohio,1014.0
1991-10-01,Texas,922.0
1991-11-01,California,1862.5
1991-11-01,Indiana,590.7
1991-11-01,Michigan,791.9
1991-11-01,Ohio,1012.6
1991-11-01,Texas,922.9
1991-12-01,California,1846.3
1991-12-01,Indiana,591.3
1991-12-01,Michigan,787.6
1991-12-01,Ohio,1009.5
1991-12-01,Texas,920.7
1992-01-01,California,1841.8
1992-01-01,Indiana,589.3
1992-01-01,Michigan,771.7
1992-01-01,Ohio,1004.4
1992-01-01,Texas,922.7
1992-02-01,California,1828.8
1992-02-01,Indiana,590.6
1992-02-01,Michigan,781.8
1992-02-01,Ohio,1002.8
1992-02-01,Texas,921.3
1992-03-01,California,1830.6
1992-03-01,Indiana,592.4
1992-03-01,Michigan,784.9
1992-03-01,Ohio,996.6
1992-03-01,Texas,919.0
1992-04-01,California,1814.2
1992-04-01,Indiana,595.6
1992-04-01,Michigan,792.4
1992-04-01,Ohio,1000.8
1992-04-01,Texas,923.2
1992-05-01,California,1802.0
1992-05-01,Indiana,597.8
1992-05-01,Michigan,792.3
1992-05-01,Ohio,998.9
1992-05-01,Texas,926.3
1992-06-01,California,1791.5
1992-06-01,Indiana,598.5
1992-06-01,Michigan,791.0
1992-06-01,Ohio,994.6
1992-06-01,Texas,926.7
1992-07-01,California,1792.6
1992-07-01,Indiana,597.9
1992-07-01,Michigan,793.8
1992-07-01,Ohio,993.9
1992-07-01,Texas,928.2
1992-08-01,California,1776.7
1992-08-01,Indiana,598.5
1992-08-01,Michigan,791.4
1992-08-01,Ohio,987.8
1992-08-01,Texas,928.0
1992-09-01,California,1764.5
1992-09-01,Indiana,598.6
1992-09-01,Michigan,789.5
1992-09-01,Ohio,984.4
1992-09-01,Texas,926.8
1992-10-01,California,1774.9
1992-10-01,Indiana,598.4
1992-10-01,Michigan,788.0
1992-10-01,Ohio,986.7
1992-10-01,Texas,930.9
1992-11-01,California,1750.0
1992-11-01,Indiana,597.7
1992-11-01,Michigan,790.8
1992-11-01,Ohio,985.5
1992-11-01,Texas,932.4
1992-12-01,California,1736.0
1992-12-01,Indiana,600.6
1992-12-01,Michigan,790.9
1992-12-01,Ohio,983.9
1992-12-01,Texas,933.9
1993-01-01,California,1744.3
1993-01-01,Indiana,604.6
1993-01-01,Michigan,799.1
1993-01-01,Ohio,983.9
1993-01-01,Texas,932.5
1993-02-01,California,1732.2
1993-02-01,Indiana,603.5
1993-02-01,Michigan,795.6
1993-02-01,Ohio,982.8
1993-02-01,Texas,937.2
1993-03-01,California,1719.9
1993-03-01,Indiana,604.2
1993-03-01,Michigan,794.8
1993-03-01,Ohio,980.2
1993-03-01,Texas,939.8
1993-04-01,California,1710.5
1993-04-01,Indiana,605.5
1993-04-01,Michigan,793.3
1993-04-01,Ohio,978.4
1993-04-01,Texas,934.9
1993-05-01,California,1702.9
1993-05-01,Indiana,606.0
1993-05-01,Michigan,791.9
1993-05-01,Ohio,979.1
1993-05-01,Texas,937.3
1993-06-01,California,1698.8
1993-06-01,Indiana,606.6
1993-06-01,Michigan,790.1
1993-06-01,Ohio,979.4
1993-06-01,Texas,939.3
1993-07-01,California,1689.6
1993-07-01,Indiana,608.9
1993-07-01,Michigan,803.7
1993-07-01,Ohio,983.2
1993-07-01,Texas,940.2
1993-08-01,California,1683.3
1993-08-01,Indiana,610.2
1993-08-01,Michigan,786.5
1993-08-01,Ohio,983.1
1993-08-01,Texas,941.7
1993-09-01,California,1678.4
1993-09-01,Indiana,612.7
1993-09-01,Michigan,794.8
1993-09-01,Ohio,986.7
1993-09-01,Texas,944.4
1993-10-01,California,1675.7
1993-10-01,Indiana,614.8
1993-10-01,Michigan,802.9
1993-10-01,Ohio,975.6
1993-10-01,Texas,945.7
1993-11-01,California,1673.9
1993-11-01,Indiana,618.1
1993-11-01,Michigan,807.4
1993-11-01,Ohio,978.9
1993-11-01,Texas,946.8
1993-12-01,California,1672.6
1993-12-01,Indiana,619.8
1993-12-01,Michigan,813.8
1993-12-01,Ohio,982.5
1993-12-01,Texas,949.0
1994-01-01,California,1670.0
1994-01-01,Indiana,615.0
1994-01-01,Michigan,823.5
1994-01-01,Ohio,990.5
1994-01-01,Texas,949.5
1994-02-01,California,1667.7
1994-02-01,Indiana,616.5
1994-02-01,Michigan,822.9
1994-02-01,Ohio,991.9
1994-02-01,Texas,949.0
1994-03-01,California,1673.6
1994-03-01,Indiana,619.7
1994-03-01,Michigan,827.9
1994-03-01,Ohio,994.5
1994-03-01,Texas,952.1
1994-04-01,California,1681.5
1994-04-01,Indiana,620.4
1994-04-01,Michigan,830.0
1994-04-01,Ohio,994.6
1994-04-01,Texas,957.4
1994-05-01,California,1683.7
1994-05-01,Indiana,622.9
1994-05-01,Michigan,831.4
1994-05-01,Ohio,998.2
1994-05-01,Texas,960.8
1994-06-01,California,1684.4
1994-06-01,Indiana,625.0
1994-06-01,Michigan,837.6
1994-06-01,Ohio,1000.1
1994-06-01,Texas,962.8
1994-07-01,California,1696.3
1994-07-01,Indiana,624.9
1994-07-01,Michigan,839.3
1994-07-01,Ohio,1003.2
1994-07-01,Texas,967.6
1994-08-01,California,1691.8
1994-08-01,Indiana,631.0
1994-08-01,Michigan,843.0
1994-08-01,Ohio,1006.6
1994-08-01,Texas,970.9
1994-09-01,California,1692.9
1994-09-01,Indiana,634.2
1994-09-01,Michigan,849.6
1994-09-01,Ohio,1011.3
1994-09-01,Texas,973.9
1994-10-01,California,1693.9
1994-10-01,Indiana,632.5
1994-10-01,Michigan,851.9
1994-10-01,Ohio,1015.7
1994-10-01,Texas,975.5
1994-11-01,California,1697.7
1994-11-01,Indiana,639.3
1994-11-01,Michigan,858.8
1994-11-01,Ohio,1020.2
1994-11-01,Texas,979.0
1994-12-01,California,1704.8
1994-12-01,Indiana,644.2
1994-12-01,Michigan,862.8
1994-12-01,Ohio,1024.7
1994-12-01,Texas,981.7
1995-01-01,California,1700.5
1995-01-01,Indiana,649.2
1995-01-01,Michigan,861.6
1995-01-01,Ohio,1031.4
1995-01-01,Texas,986.2
1995-02-01,California,1704.9
1995-02-01,Indiana,650.5
1995-02-01,Michigan,865.0
1995-02-01,Ohio,1034.5
1995-02-01,Texas,988.9
1995-03-01,California,1706.2
1995-03-01,Indiana,652.4
1995-03-01,Michigan,867.8
1995-03-01,Ohio,1037.9
1995-03-01,Texas,990.1
1995-04-01,California,1705.0
1995-04-01,Indiana,651.1
1995-04-01,Michigan,865.5
1995-04-01,Ohio,1040.9
1995-04-01,Texas,991.8
1995-05-01,California,1705.1
1995-05-01,Indiana,651.0
1995-05-01,Michigan,867.0
1995-05-01,Ohio,1040.6
1995-05-01,Texas,991.5
1995-06-01,California,1710.1
1995-06-01,Indiana,649.7
1995-06-01,Michigan,867.9
1995-06-01,Ohio,1041.1
1995-06-01,Texas,993.2
1995-07-01,California,1714.5
1995-07-01,Indiana,650.5
1995-07-01,Michigan,862.5
1995-07-01,Ohio,1035.4
1995-07-01,Texas,990.9
1995-08-01,California,1723.5
1995-08-01,Indiana,652.8
1995-08-01,Michigan,862.1
1995-08-01,Ohio,1040.5
1995-08-01,Texas,994.2
1995-09-01,California,1734.2
1995-09-01,Indiana,654.8
1995-09-01,Michigan,861.2
1995-09-01,Ohio,1040.7
1995-09-01,Texas,997.0
1995-10-01,California,1728.1
1995-10-01,Indiana,653.4
1995-10-01,Michigan,863.6
1995-10-01,Ohio,1037.5
1995-10-01,Texas,999.0
1995-11-01,California,1735.3
1995-11-01,Indiana,654.9
1995-11-01,Michigan,859.0
1995-11-01,Ohio,1037.6
1995-11-01,Texas,1000.8
1995-12-01,California,1739.6
1995-12-01,Indiana,655.2
1995-12-01,Michigan,865.9
1995-12-01,Ohio,1036.1
1995-12-01,Texas,1005.7
1996-01-01,California,1750.5
1996-01-01,Indiana,647.7
1996-01-01,Michigan,863.2
1996-01-01,Ohio,1034.5
1996-01-01,Texas,1005.9
1996-02-01,California,1756.7
1996-02-01,Indiana,646.6
1996-02-01,Michigan,860.4
1996-02-01,Ohio,1036.7
1996-02-01,Texas,1008.0
1996-03-01,California,1761.9
1996-03-01,Indiana,644.7
1996-03-01,Michigan,847.2
1996-03-01,Ohio,1023.5
1996-03-01,Texas,1009.4
1996-04-01,California,1765.0
1996-04-01,Indiana,645.5
1996-04-01,Michigan,857.9
1996-04-01,Ohio,1031.2
1996-04-01,Texas,1009.9
1996-05-01,California,1771.9
1996-05-01,Indiana,646.8
1996-05-01,Michigan,855.5
1996-05-01,Ohio,1030.2
1996-05-01,Texas,1012.1
1996-06-01,California,1775.4
1996-06-01,Indiana,647.8
1996-06-01,Michigan,857.9
1996-06-01,Ohio,1031.3
1996-06-01,Texas,1012.3
1996-07-01,California,1774.9
1996-07-01,Indiana,638.2
1996-07-01,Michigan,858.0
1996-07-01,Ohio,1032.1
1996-07-01,Texas,1017.9
1996-08-01,California,1779.8
1996-08-01,Indiana,647.3
1996-08-01,Michigan,858.8
1996-08-01,Ohio,1031.5
1996-08-01,Texas,1019.9
1996-09-01,California,1783.1
1996-09-01,Indiana,647.2
1996-09-01,Michigan,858.5
1996-09-01,Ohio,1029.4
1996-09-01,Texas,1020.7
1996-10-01,California,1786.4
1996-10-01,Indiana,647.6
1996-10-01,Michigan,856.0
1996-10-01,Ohio,1029.2
1996-10-01,Texas,1022.2
1996-11-01,California,1793.6
1996-11-01,Indiana,646.3
1996-11-01,Michigan,858.1
1996-11-01,Ohio,1025.7
1996-11-01,Texas,1025.3
1996-12-01,California,1795.4
1996-12-01,Indiana,647.1
1996-12-01,Michigan,855.1
1996-12-01,Ohio,1027.4
1996-12-01,Texas,1026.0
1997-01-01,California,1791.0
1997-01-01,Indiana,648.9
1997-01-01,Michigan,855.3
1997-01-01,Ohio,1026.0
1997-01-01,Texas,1027.8
1997-02-01,California,1799.2
1997-02-01,Indiana,650.1
1997-02-01,Michigan,857.8
1997-02-01,Ohio,1025.9
1997-02-01,Texas,1031.7
1997-03-01,California,1804.7
1997-03-01,Indiana,650.1
1997-03-01,Michigan,860.2
1997-03-01,Ohio,1027.7
1997-03-01,Texas,1036.0
1997-04-01,California,1807.6
1997-04-01,Indiana,652.6
1997-04-01,Michigan,857.6
1997-04-01,Ohio,1028.9
1997-04-01,Texas,1037.7
1997-05-01,California,1813.3
1997-05-01,Indiana,652.1
1997-05-01,Michigan,858.6
1997-05-01,Ohio,1028.8
1997-05-01,Texas,1042.0
1997-06-01,California,1817.4
1997-06-01,Indiana,650.0
1997-06-01,Michigan,860.2
1997-06-01,Ohio,1028.7
1997-06-01,Texas,1043.8
1997-07-01,California,1835.1
1997-07-01,Indiana,649.6
1997-07-01,Michigan,863.7
1997-07-01,Ohio,1019.8
1997-07-01,Texas,1041.6
1997-08-01,California,1840.1
1997-08-01,Indiana,650.9
1997-08-01,Michigan,866.9
1997-08-01,Ohio,1028.1
1997-08-01,Texas,1045.9
1997-09-01,California,1838.2
1997-09-01,Indiana,651.0
1997-09-01,Michigan,867.8
1997-09-01,Ohio,1027.7
1997-09-01,Texas,1051.0
1997-10-01,California,1842.2
1997-10-01,Indiana,652.2
1997-10-01,Michigan,872.7
1997-10-01,Ohio,1027.8
1997-10-01,Texas,1055.6
1997-11-01,California,1844.1
1997-11-01,Indiana,653.2
1997-11-01,Michigan,875.1
1997-11-01,Ohio,1031.1
1997-11-01,Texas,1059.3
1997-12-01,California,1849.1
1997-12-01,Indiana,654.1
1997-12-01,Michigan,875.9
1997-12-01,Ohio,1032.5
1997-12-01,Texas,1063.1
1998-01-01,California,1858.7
1998-01-01,Indiana,657.8
1998-01-01,Michigan,886.9
1998-01-01,Ohio,1028.9
1998-01-01,Texas,1068.1
1998-02-01,California,1857.8
1998-02-01,Indiana,658.6
1998-02-01,Michigan,888.5
1998-02-01,Ohio,1031.5
1998-02-01,Texas,1070.3
1998-03-01,California,1854.6
1998-03-01,Indiana,660.2
1998-03-01,Michigan,886.3
1998-03-01,Ohio,1031.7
1998-03-01,Texas,1073.3
1998-04-01,California,1864.2
1998-04-01,Indiana,660.8
1998-04-01,Michigan,890.5
1998-04-01,Ohio,1037.2
1998-04-01,Texas,1075.4
1998-05-01,California,1867.9
1998-05-01,Indiana,660.9
1998-05-01,Michigan,890.2
1998-05-01,Ohio,1035.7
1998-05-01,Texas,1078.1
1998-06-01,California,1864.9
1998-06-01,Indiana,660.4
1998-06-01,Michigan,882.4
1998-06-01,Ohio,1032.4
1998-06-01,Texas,1079.4
1998-07-01,California,1857.5
1998-07-01,Indiana,648.3
1998-07-01,Michigan,818.9
1998-07-01,Ohio,1000.6
1998-07-01,Texas,1081.8
1998-08-01,California,1854.8
1998-08-01,Indiana,658.1
1998-08-01,Michigan,880.5
1998-08-01,Ohio,1033.2
1998-08-01,Texas,1083.8
1998-09-01,California,1858.2
1998-09-01,Indiana,660.1
1998-09-01,Michigan,882.8
1998-09-01,Ohio,1033.8
1998-09-01,Texas,1084.1
1998-10-01,California,1845.8
1998-10-01,Indiana,653.1
1998-10-01,Michigan,884.4
1998-10-01,Ohio,1034.7
1998-10-01,Texas,1082.3
1998-11-01,California,1840.7
1998-11-01,Indiana,654.6
1998-11-01,Michigan,885.6
1998-11-01,Ohio,1033.5
1998-11-01,Texas,1080.8
1998-12-01,California,1835.8
1998-12-01,Indiana,654.8
1998-12-01,Michigan,884.9
1998-12-01,Ohio,1031.3
1998-12-01,Texas,1080.4
1999-01-01,California,1828.5
1999-01-01,Indiana,662.5
1999-01-01,Michigan,885.0
1999-01-01,Ohio,1031.5
1999-01-01,Texas,1074.1
1999-02-01,California,1827.8
1999-02-01,Indiana,662.8
1999-02-01,Michigan,884.5
1999-02-01,Ohio,1029.2
1999-02-01,Texas,1073.5
1999-03-01,California,1824.4
1999-03-01,Indiana,663.0
1999-03-01,Michigan,888.3
1999-03-01,Ohio,1029.0
1999-03-01,Texas,1072.0
1999-04-01,California,1825.4
1999-04-01,Indiana,662.5
1999-04-01,Michigan,885.5
1999-04-01,Ohio,1029.2
1999-04-01,Texas,1064.3
1999-05-01,California,1821.4
1999-05-01,Indiana,662.5
1999-05-01,Michigan,886.9
1999-05-01,Ohio,1027.4
1999-05-01,Texas,1062.6
1999-06-01,California,1821.4
1999-06-01,Indiana,662.8
1999-06-01,Michigan,887.6
1999-06-01,Ohio,1026.6
1999-06-01,Texas,1061.2
1999-07-01,California,1825.9
1999-07-01,Indiana,664.5
1999-07-01,Michigan,898.5
1999-07-01,Ohio,1027.0
1999-07-01,Texas,1063.2
1999-08-01,California,1823.5
1999-08-01,Indiana,664.3
1999-08-01,Michigan,894.8
1999-08-01,Ohio,1029.8
1999-08-01,Texas,1063.2
1999-09-01,California,1831.5
1999-09-01,Indiana,666.6
1999-09-01,Michigan,894.9
1999-09-01,Ohio,1028.5
1999-09-01,Texas,1063.4
1999-10-01,California,1837.0
1999-10-01,Indiana,668.4
1999-10-01,Michigan,884.3
1999-10-01,Ohio,1028.3
1999-10-01,Texas,1064.3
1999-11-01,California,1834.6
1999-11-01,Indiana,670.2
1999-11-01,Michigan,884.1
1999-11-01,Ohio,1029.1
1999-11-01,Texas,1065.5
1999-12-01,California,1834.2
1999-12-01,Indiana,671.3
1999-12-01,Michigan,881.9
1999-12-01,Ohio,1031.5
1999-12-01,Texas,1067.1
2000-01-01,California,1839.2
2000-01-01,Indiana,670.8
2000-01-01,Michigan,888.1
2000-01-01,Ohio,1032.8
2000-01-01,Texas,1069.9
2000-02-01,California,1840.4
2000-02-01,Indiana,670.4
2000-02-01,Michigan,889.5
2000-02-01,Ohio,1033.2
2000-02-01,Texas,1072.5
2000-03-01,California,1841.5
2000-03-01,Indiana,669.7
2000-03-01,Michigan,885.1
2000-03-01,Ohio,1031.8
2000-03-01,Texas,1073.9
2000-04-01,California,1842.1
2000-04-01,Indiana,669.1
2000-04-01,Michigan,894.6
2000-04-01,Ohio,1029.3
2000-04-01,Texas,1071.1
2000-05-01,California,1841.2
2000-05-01,Indiana,668.0
2000-05-01,Michigan,894.9
2000-05-01,Ohio,1027.2
2000-05-01,Texas,1072.3
2000-06-01,California,1852.8
2000-06-01,Indiana,667.6
2000-06-01,Michigan,896.5
2000-06-01,Ohio,1025.9
2000-06-01,Texas,1074.0
2000-07-01,California,1863.5
2000-07-01,Indiana,665.5
2000-07-01,Michigan,893.4
2000-07-01,Ohio,1021.3
2000-07-01,Texas,1072.8
2000-08-01,California,1861.1
2000-08-01,Indiana,663.6
2000-08-01,Michigan,885.7
2000-08-01,Ohio,1018.0
2000-08-01,Texas,1071.3
2000-09-01,California,1861.1
2000-09-01,Indiana,660.3
2000-09-01,Michigan,877.3
2000-09-01,Ohio,1015.6
2000-09-01,Texas,1072.3
2000-10-01,California,1863.0
2000-10-01,Indiana,657.2
2000-10-01,Michigan,882.3
2000-10-01,Ohio,1014.6
2000-10-01,Texas,1071.8
2000-11-01,California,1868.9
2000-11-01,Indiana,653.8
2000-11-01,Michigan,876.7
2000-11-01,Ohio,1011.8
2000-11-01,Texas,1072.1
2000-12-01,California,1874.4
2000-12-01,Indiana,649.3
2000-12-01,Michigan,871.0
2000-12-01,Ohio,1006.4
2000-12-01,Texas,1070.5
2001-01-01,California,1866.6
2001-01-01,Indiana,638.2
2001-01-01,Michigan,841.5
2001-01-01,Ohio,999.5
2001-01-01,Texas,1066.9
2001-02-01,California,1858.8
2001-02-01,Indiana,634.7
2001-02-01,Michigan,847.1
2001-02-01,Ohio,992.0
2001-02-01,Texas,1063.8
2001-03-01,California,1849.0
2001-03-01,Indiana,630.1
2001-03-01,Michigan,839.3
2001-03-01,Ohio,985.7
2001-03-01,Texas,1058.2
2001-04-01,California,1823.1
2001-04-01,Indiana,627.1
2001-04-01,Michigan,832.3
2001-04-01,Ohio,975.0
2001-04-01,Texas,1050.7
2001-05-01,California,1805.5
2001-05-01,Indiana,622.8
2001-05-01,Michigan,823.0
2001-05-01,Ohio,964.5
2001-05-01,Texas,1043.7
2001-06-01,California,1789.9
2001-06-01,Indiana,617.8
2001-06-01,Michigan,817.9
2001-06-01,Ohio,957.4
2001-06-01,Texas,1036.0
2001-07-01,California,1770.1
2001-07-01,Indiana,611.6
2001-07-01,Michigan,810.8
2001-07-01,Ohio,950.5
2001-07-01,Texas,1026.9
2001-08-01,California,1753.7
2001-08-01,Indiana,607.3
2001-08-01,Michigan,799.8
2001-08-01,Ohio,940.3
2001-08-01,Texas,1020.7
2001-09-01,California,1733.9
2001-09-01,Indiana,604.5
2001-09-01,Michigan,797.0
2001-09-01,Ohio,930.6
2001-09-01,Texas,1012.2
2001-10-01,California,1717.4
2001-10-01,Indiana,597.7
2001-10-01,Michigan,784.9
2001-10-01,Ohio,924.5
2001-10-01,Texas,1003.3
2001-11-01,California,1697.5
2001-11-01,Indiana,593.6
2001-11-01,Michigan,776.0
2001-11-01,Ohio,916.5
2001-11-01,Texas,993.0
2001-12-01,California,1683.5
2001-12-01,Indiana,590.8
2001-12-01,Michigan,772.6
2001-12-01,Ohio,910.0
2001-12-01,Texas,984.7
2002-01-01,California,1667.6
2002-01-01,Indiana,589.3
2002-01-01,Michigan,755.6
2002-01-01,Ohio,901.1
2002-01-01,Texas,979.0
2002-02-01,California,1659.7
2002-02-01,Indiana,588.5
2002-02-01,Michigan,765.0
2002-02-01,Ohio,897.0
2002-02-01,Texas,972.0
2002-03-01,California,1655.0
2002-03-01,Indiana,589.0
2002-03-01,Michigan,761.0
2002-03-01,Ohio,893.6
2002-03-01,Texas,967.0
2002-04-01,California,1648.5
2002-04-01,Indiana,589.0
2002-04-01,Michigan,758.1
2002-04-01,Ohio,890.5
2002-04-01,Texas,961.9
2002-05-01,California,1644.8
2002-05-01,Indiana,589.4
2002-05-01,Michigan,754.4
2002-05-01,Ohio,889.2
2002-05-01,Texas,957.4
2002-06-01,California,1637.6
2002-06-01,Indiana,591.1
2002-06-01,Michigan,755.5
2002-06-01,Ohio,887.7
2002-06-01,Texas,954.0
2002-07-01,California,1627.4
2002-07-01,Indiana,592.2
2002-07-01,Michigan,760.6
2002-07-01,Ohio,884.7
2002-07-01,Texas,950.8
2002-08-01,California,1620.6
2002-08-01,Indiana,592.0
2002-08-01,Michigan,751.3
2002-08-01,Ohio,884.1
2002-08-01,Texas,946.8
2002-09-01,California,1615.3
2002-09-01,Indiana,591.4
2002-09-01,Michigan,747.5
2002-09-01,Ohio,881.2
2002-09-01,Texas,941.6
2002-10-01,California,1608.5
2002-10-01,Indiana,589.8
2002-10-01,Michigan,747.0
2002-10-01,Ohio,877.0
2002-10-01,Texas,935.7
2002-11-01,California,1600.0
2002-11-01,Indiana,589.6
2002-11-01,Michigan,743.9
2002-11-01,Ohio,873.3
2002-11-01,Texas,930.6
2002-12-01,California,1589.1
2002-12-01,Indiana,585.2
2002-12-01,Michigan,739.7
2002-12-01,Ohio,869.8
2002-12-01,Texas,926.3
2003-01-01,California,1580.7
2003-01-01,Indiana,584.8
2003-01-01,Michigan,733.1
2003-01-01,Ohio,868.1
2003-01-01,Texas,922.6
2003-02-01,California,1570.4
2003-02-01,Indiana,582.8
2003-02-01,Michigan,726.2
2003-02-01,Ohio,863.5
2003-02-01,Texas,919.4
2003-03-01,California,1560.5
2003-03-01,Indiana,580.6
2003-03-01,Michigan,723.6
2003-03-01,Ohio,859.2
2003-03-01,Texas,913.0
2003-04-01,California,1552.7
2003-04-01,Indiana,575.8
2003-04-01,Michigan,712.7
2003-04-01,Ohio,851.2
2003-04-01,Texas,911.9
2003-05-01,California,1544.0
2003-05-01,Indiana,574.1
2003-05-01,Michigan,712.8
2003-05-01,Ohio,851.3
2003-05-01,Texas,906.5
2003-06-01,California,1536.6
2003-06-01,Indiana,572.6
2003-06-01,Michigan,714.0
2003-06-01,Ohio,844.8
2003-06-01,Texas,902.3
2003-07-01,California,1526.4
2003-07-01,Indiana,565.7
2003-07-01,Michigan,690.9
2003-07-01,Ohio,837.8
2003-07-01,Texas,898.9
2003-08-01,California,1526.6
2003-08-01,Indiana,571.7
2003-08-01,Michigan,704.2
2003-08-01,Ohio,834.8
2003-08-01,Texas,895.7
2003-09-01,California,1527.0
2003-09-01,Indiana,569.9
2003-09-01,Michigan,700.5
2003-09-01,Ohio,831.8
2003-09-01,Texas,896.2
2003-10-01,California,1523.0
2003-10-01,Indiana,570.8
2003-10-01,Michigan,697.3
2003-10-01,Ohio,829.0
2003-10-01,Texas,893.7
2003-11-01,California,1521.7
2003-11-01,Indiana,571.2
2003-11-01,Michigan,697.1
2003-11-01,Ohio,828.3
2003-11-01,Texas,893.1
2003-12-01,California,1522.0
2003-12-01,Indiana,570.7
2003-12-01,Michigan,695.0
2003-12-01,Ohio,825.8
2003-12-01,Texas,891.4
2004-01-01,California,1522.6
2004-01-01,Indiana,569.5
2004-01-01,Michigan,698.6
2004-01-01,Ohio,824.9
2004-01-01,Texas,891.8
2004-02-01,California,1520.8
2004-02-01,Indiana,569.0
2004-02-01,Michigan,693.2
2004-02-01,Ohio,825.2
2004-02-01,Texas,892.5
2004-03-01,California,1521.1
2004-03-01,Indiana,569.0
2004-03-01,Michigan,694.5
2004-03-01,Ohio,825.3
2004-03-01,Texas,891.7
2004-04-01,California,1522.6
2004-04-01,Indiana,570.2
2004-04-01,Michigan,697.0
2004-04-01,Ohio,826.0
2004-04-01,Texas,894.2
2004-05-01,California,1523.1
2004-05-01,Indiana,571.5
2004-05-01,Michigan,693.9
2004-05-01,Ohio,825.4
2004-05-01,Texas,894.0
2004-06-01,California,1519.9
2004-06-01,Indiana,571.4
2004-06-01,Michigan,689.2
2004-06-01,Ohio,823.3
2004-06-01,Texas,892.5
2004-07-01,California,1532.2
2004-07-01,Indiana,567.0
2004-07-01,Michigan,671.2
2004-07-01,Ohio,824.5
2004-07-01,Texas,894.9
2004-08-01,California,1521.9
2004-08-01,Indiana,572.6
2004-08-01,Michigan,688.9
2004-08-01,Ohio,824.2
2004-08-01,Texas,895.3
2004-09-01,California,1516.8
2004-09-01,Indiana,572.9
2004-09-01,Michigan,687.9
2004-09-01,Ohio,822.1
2004-09-01,Texas,894.1
2004-10-01,California,1512.3
2004-10-01,Indiana,572.3
2004-10-01,Michigan,686.7
2004-10-01,Ohio,821.5
2004-10-01,Texas,897.5
2004-11-01,California,1511.1
2004-11-01,Indiana,572.0
2004-11-01,Michigan,683.0
2004-11-01,Ohio,819.6
2004-11-01,Texas,897.5
2004-12-01,California,1506.7
2004-12-01,Indiana,572.3
2004-12-01,Michigan,682.5
2004-12-01,Ohio,819.5
2004-12-01,Texas,897.0
2005-01-01,California,1508.7
2005-01-01,Indiana,573.0
2005-01-01,Michigan,675.0
2005-01-01,Ohio,817.9
2005-01-01,Texas,895.0
2005-02-01,California,1506.4
2005-02-01,Indiana,572.4
2005-02-01,Michigan,681.7
2005-02-01,Ohio,816.7
2005-02-01,Texas,895.7
2005-03-01,California,1503.3
2005-03-01,Indiana,571.6
2005-03-01,Michigan,676.3
2005-03-01,Ohio,817.3
2005-03-01,Texas,897.2
2005-04-01,California,1505.9
2005-04-01,Indiana,571.7
2005-04-01,Michigan,673.4
2005-04-01,Ohio,816.6
2005-04-01,Texas,897.4
2005-05-01,California,1500.5
2005-05-01,Indiana,571.4
2005-05-01,Michigan,673.7
2005-05-01,Ohio,814.8
2005-05-01,Texas,897.3
2005-06-01,California,1498.8
2005-06-01,Indiana,570.0
2005-06-01,Michigan,667.4
2005-06-01,Ohio,812.4
2005-06-01,Texas,898.8
2005-07-01,California,1505.9
2005-07-01,Indiana,566.6
2005-07-01,Michigan,658.9
2005-07-01,Ohio,814.2
2005-07-01,Texas,903.2
2005-08-01,California,1501.2
2005-08-01,Indiana,568.5
2005-08-01,Michigan,658.4
2005-08-01,Ohio,811.1
2005-08-01,Texas,902.9
2005-09-01,California,1499.8
2005-09-01,Indiana,569.1
2005-09-01,Michigan,662.3
2005-09-01,Ohio,810.7
2005-09-01,Texas,903.8
2005-10-01,California,1496.9
2005-10-01,Indiana,569.7
2005-10-01,Michigan,664.0
2005-10-01,Ohio,809.4
2005-10-01,Texas,905.0
2005-11-01,California,1496.5
2005-11-01,Indiana,570.3
2005-11-01,Michigan,662.8
2005-11-01,Ohio,808.3
2005-11-01,Texas,908.6
2005-12-01,California,1496.7
2005-12-01,Indiana,570.8
2005-12-01,Michigan,659.3
2005-12-01,Ohio,807.0
2005-12-01,Texas,910.7
2006-01-01,California,1494.7
2006-01-01,Indiana,571.6
2006-01-01,Michigan,655.6
2006-01-01,Ohio,806.8
2006-01-01,Texas,915.0
2006-02-01,California,1497.3
2006-02-01,Indiana,569.1
2006-02-01,Michigan,650.6
2006-02-01,Ohio,804.3
2006-02-01,Texas,917.3
2006-03-01,California,1496.7
2006-03-01,Indiana,570.3
2006-03-01,Michigan,649.8
2006-03-01,Ohio,803.1
2006-03-01,Texas,921.1
2006-04-01,California,1491.8
2006-04-01,Indiana,570.0
2006-04-01,Michigan,653.0
2006-04-01,Ohio,805.9
2006-04-01,Texas,924.3
2006-05-01,California,1490.8
2006-05-01,Indiana,566.4
2006-05-01,Michigan,648.2
2006-05-01,Ohio,801.4
2006-05-01,Texas,928.4
2006-06-01,California,1489.2
2006-06-01,Indiana,568.8
2006-06-01,Michigan,645.4
2006-06-01,Ohio,801.8
2006-06-01,Texas,931.3
2006-07-01,California,1483.9
2006-07-01,Indiana,564.1
2006-07-01,Michigan,625.0
2006-07-01,Ohio,797.7
2006-07-01,Texas,931.6
2006-08-01,California,1481.5
2006-08-01,Indiana,564.6
2006-08-01,Michigan,632.5
2006-08-01,Ohio,795.3
2006-08-01,Texas,933.6
2006-09-01,California,1482.8
2006-09-01,Indiana,560.8
2006-09-01,Michigan,629.6
2006-09-01,Ohio,794.0
2006-09-01,Texas,935.2
2006-10-01,California,1481.1
2006-10-01,Indiana,559.4
2006-10-01,Michigan,623.2
2006-10-01,Ohio,789.9
2006-10-01,Texas,934.4
2006-11-01,California,1479.0
2006-11-01,Indiana,557.1
2006-11-01,Michigan,624.6
2006-11-01,Ohio,786.5
2006-11-01,Texas,935.4
2006-12-01,California,1475.8
2006-12-01,Indiana,556.1
2006-12-01,Michigan,622.6
2006-12-01,Ohio,784.0
2006-12-01,Texas,936.6
2007-01-01,California,1473.4
2007-01-01,Indiana,554.5
2007-01-01,Michigan,610.8
2007-01-01,Ohio,782.1
2007-01-01,Texas,936.4
2007-02-01,California,1473.5
2007-02-01,Indiana,553.1
2007-02-01,Michigan,620.7
2007-02-01,Ohio,781.8
2007-02-01,Texas,938.1
2007-03-01,California,1472.0
2007-03-01,Indiana,553.4
2007-03-01,Michigan,619.9
2007-03-01,Ohio,782.0
2007-03-01,Texas,938.9
2007-04-01,California,1464.8
2007-04-01,Indiana,552.2
2007-04-01,Michigan,618.0
2007-04-01,Ohio,778.4
2007-04-01,Texas,940.5
2007-05-01,California,1461.3
2007-05-01,Indiana,551.1
2007-05-01,Michigan,614.1
2007-05-01,Ohio,776.1
2007-05-01,Texas,941.0
2007-06-01,California,1464.3
2007-06-01,Indiana,551.1
2007-06-01,Michigan,612.2
2007-06-01,Ohio,774.0
2007-06-01,Texas,942.9
2007-07-01,California,1466.8
2007-07-01,Indiana,550.6
2007-07-01,Michigan,606.9
2007-07-01,Ohio,768.1
2007-07-01,Texas,941.5
2007-08-01,California,1460.4
2007-08-01,Indiana,548.1
2007-08-01,Michigan,606.1
2007-08-01,Ohio,769.2
2007-08-01,Texas,940.1
2007-09-01,California,1455.2
2007-09-01,Indiana,547.0
2007-09-01,Michigan,601.0
2007-09-01,Ohio,765.5
2007-09-01,Texas,939.6
2007-10-01,California,1452.6
2007-10-01,Indiana,545.6
2007-10-01,Michigan,591.1
2007-10-01,Ohio,761.0
2007-10-01,Texas,939.2
2007-11-01,California,1451.1
2007-11-01,Indiana,544.7
2007-11-01,Michigan,596.9
2007-11-01,Ohio,762.9
2007-11-01,Texas,937.2
2007-12-01,California,1449.3
2007-12-01,Indiana,544.2
2007-12-01,Michigan,595.9
2007-12-01,Ohio,762.6
2007-12-01,Texas,937.4
2008-01-01,California,1448.3
2008-01-01,Indiana,542.4
2008-01-01,Michigan,591.5
2008-01-01,Ohio,761.4
2008-01-01,Texas,936.8
2008-02-01,California,1446.0
2008-02-01,Indiana,541.3
2008-02-01,Michigan,590.7
2008-02-01,Ohio,760.3
2008-02-01,Texas,937.6
2008-03-01,California,1442.1
2008-03-01,Indiana,533.7
2008-03-01,Michigan,579.2
2008-03-01,Ohio,752.9
2008-03-01,Texas,935.7
2008-04-01,California,1439.3
2008-04-01,Indiana,532.7
2008-04-01,Michigan,569.4
2008-04-01,Ohio,750.5
2008-04-01,Texas,934.1
2008-05-01,California,1436.0
2008-05-01,Indiana,532.1
2008-05-01,Michigan,565.5
2008-05-01,Ohio,747.7
2008-05-01,Texas,934.6
2008-06-01,California,1431.7
2008-06-01,Indiana,528.1
2008-06-01,Michigan,579.8
2008-06-01,Ohio,746.4
2008-06-01,Texas,933.2
2008-07-01,California,1430.3
2008-07-01,Indiana,515.0
2008-07-01,Michigan,554.3
2008-07-01,Ohio,742.7
2008-07-01,Texas,932.5
2008-08-01,California,1424.0
2008-08-01,Indiana,518.3
2008-08-01,Michigan,556.3
2008-08-01,Ohio,734.9
2008-08-01,Texas,929.9
2008-09-01,California,1418.7
2008-09-01,Indiana,512.7
2008-09-01,Michigan,551.4
2008-09-01,Ohio,732.8
2008-09-01,Texas,926.1
2008-10-01,California,1404.5
2008-10-01,Indiana,505.7
2008-10-01,Michigan,545.8
2008-10-01,Ohio,725.3
2008-10-01,Texas,922.4
2008-11-01,California,1390.1
2008-11-01,Indiana,498.1
2008-11-01,Michigan,540.9
2008-11-01,Ohio,716.3
2008-11-01,Texas,918.5
2008-12-01,California,1377.1
2008-12-01,Indiana,487.3
2008-12-01,Michigan,531.2
2008-12-01,Ohio,703.0
2008-12-01,Texas,909.9
2009-01-01,California,1356.0
2009-01-01,Indiana,471.6
2009-01-01,Michigan,467.8
2009-01-01,Ohio,676.5
2009-01-01,Texas,897.7
2009-02-01,California,1334.7
2009-02-01,Indiana,463.6
2009-02-01,Michigan,480.1
2009-02-01,Ohio,668.1
2009-02-01,Texas,885.5
2009-03-01,California,1315.4
2009-03-01,Indiana,450.7
2009-03-01,Michigan,477.1
2009-03-01,Ohio,655.6
2009-03-01,Texas,872.2
2009-04-01,California,1300.4
2009-04-01,Indiana,444.7
2009-04-01,Michigan,466.9
2009-04-01,Ohio,643.2
2009-04-01,Texas,856.9
2009-05-01,California,1288.4
2009-05-01,Indiana,431.6
2009-05-01,Michigan,443.9
2009-05-01,Ohio,628.1
2009-05-01,Texas,848.0
2009-06-01,California,1275.0
2009-06-01,Indiana,424.7
2009-06-01,Michigan,431.3
2009-06-01,Ohio,613.0
2009-06-01,Texas,836.2
2009-07-01,California,1261.6
2009-07-01,Indiana,427.3
2009-07-01,Michigan,442.5
2009-07-01,Ohio,610.5
2009-07-01,Texas,826.4
2009-08-01,California,1253.1
2009-08-01,Indiana,432.9
2009-08-01,Michigan,445.6
2009-08-01,Ohio,612.7
2009-08-01,Texas,826.1
2009-09-01,California,1247.9
2009-09-01,Indiana,434.4
2009-09-01,Michigan,450.0
2009-09-01,Ohio,612.5
2009-09-01,Texas,823.4
2009-10-01,California,1245.4
2009-10-01,Indiana,434.6
2009-10-01,Michigan,453.9
2009-10-01,Ohio,612.9
2009-10-01,Texas,818.1
2009-11-01,California,1242.6
2009-11-01,Indiana,436.7
2009-11-01,Michigan,450.1
2009-11-01,Ohio,611.9
2009-11-01,Texas,814.3
2009-12-01,California,1240.9
2009-12-01,Indiana,437.9
2009-12-01,Michigan,452.4
2009-12-01,Ohio,614.0
2009-12-01,Texas,812.4
2010-01-01,California,1241.4
2010-01-01,Indiana,438.6
2010-01-01,Michigan,455.0
2010-01-01,Ohio,613.4
2010-01-01,Texas,813.8
2010-02-01,California,1239.9
2010-02-01,Indiana,438.2
2010-02-01,Michigan,454.3
2010-02-01,Ohio,613.6
2010-02-01,Texas,812.6
2010-03-01,California,1240.7
2010-03-01,Indiana,439.7
2010-03-01,Michigan,454.8
2010-03-01,Ohio,614.4
2010-03-01,Texas,814.7
2010-04-01,California,1241.6
2010-04-01,Indiana,443.7
2010-04-01,Michigan,460.4
2010-04-01,Ohio,617.8
2010-04-01,Texas,812.8
2010-05-01,California,1240.3
2010-05-01,Indiana,446.0
2010-05-01,Michigan,462.8
2010-05-01,Ohio,621.2
2010-05-01,Texas,814.7
2010-06-01,California,1239.5
2010-06-01,Indiana,445.2
2010-06-01,Michigan,465.5
2010-06-01,Ohio,620.6
2010-06-01,Texas,815.0
2010-07-01,California,1239.7
2010-07-01,Indiana,449.4
2010-07-01,Michigan,475.2
2010-07-01,Ohio,624.5
2010-07-01,Texas,816.2
2010-08-01,California,1240.0
2010-08-01,Indiana,450.7
2010-08-01,Michigan,461.5
2010-08-01,Ohio,623.8
2010-08-01,Texas,818.7
2010-09-01,California,1237.6
2010-09-01,Indiana,451.1
2010-09-01,Michigan,472.5
2010-09-01,Ohio,625.3
2010-09-01,Texas,819.2
2010-10-01,California,1242.0
2010-10-01,Indiana,452.8
2010-10-01,Michigan,476.1
2010-10-01,Ohio,627.2
2010-10-01,Texas,821.8
2010-11-01,California,1241.4
2010-11-01,Indiana,449.9
2010-11-01,Michigan,477.5
2010-11-01,Ohio,628.3
2010-11-01,Texas,823.1
2010-12-01,California,1240.6
2010-12-01,Indiana,453.0
2010-12-01,Michigan,478.7
2010-12-01,Ohio,629.6
2010-12-01,Texas,824.3
2011-01-01,California,1241.5
2011-01-01,Indiana,456.2
2011-01-01,Michigan,483.5
2011-01-01,Ohio,631.0
2011-01-01,Texas,825.9
2011-02-01,California,1242.9
2011-02-01,Indiana,457.3
2011-02-01,Michigan,486.8
2011-02-01,Ohio,631.5
2011-02-01,Texas,827.8
2011-03-01,California,1243.5
2011-03-01,Indiana,460.0
2011-03-01,Michigan,490.1
2011-03-01,Ohio,634.4
2011-03-01,Texas,832.2
2011-04-01,California,1249.0
2011-04-01,Indiana,462.0
2011-04-01,Michigan,498.0
2011-04-01,Ohio,635.8
2011-04-01,Texas,835.2
2011-05-01,California,1247.7
2011-05-01,Indiana,461.8
2011-05-01,Michigan,499.8
2011-05-01,Ohio,636.2
2011-05-01,Texas,837.2
2011-06-01,California,1246.5
2011-06-01,Indiana,462.6
2011-06-01,Michigan,501.6
2011-06-01,Ohio,635.0
2011-06-01,Texas,840.6
2011-07-01,California,1246.2
2011-07-01,Indiana,462.6
2011-07-01,Michigan,506.3
2011-07-01,Ohio,642.2
2011-07-01,Texas,845.1
2011-08-01,California,1245.7
2011-08-01,Indiana,464.5
2011-08-01,Michigan,505.3
2011-08-01,Ohio,643.5
2011-08-01,Texas,847.4
2011-09-01,California,1245.5
2011-09-01,Indiana,466.6
2011-09-01,Michigan,507.6
2011-09-01,Ohio,643.7
2011-09-01,Texas,850.2
2011-10-01,California,1246.2
2011-10-01,Indiana,469.5
2011-10-01,Michigan,511.0
2011-10-01,Ohio,646.2
2011-10-01,Texas,851.5
2011-11-01,California,1244.7
2011-11-01,Indiana,465.1
2011-11-01,Michigan,514.4
2011-11-01,Ohio,648.7
2011-11-01,Texas,853.4
2011-12-01,California,1245.1
2011-12-01,Indiana,469.0
2011-12-01,Michigan,518.2
2011-12-01,Ohio,649.5
2011-12-01,Texas,855.4
2012-01-01,California,1246.6
2012-01-01,Indiana,473.0
2012-01-01,Michigan,521.3
2012-01-01,Ohio,650.6
2012-01-01,Texas,859.5
2012-02-01,California,1248.0
2012-02-01,Indiana,474.7
2012-02-01,Michigan,522.3
2012-02-01,Ohio,653.3
2012-02-01,Texas,862.3
2012-03-01,California,1250.3
2012-03-01,Indiana,476.2
2012-03-01,Michigan,525.9
2012-03-01,Ohio,656.8
2012-03-01,Texas,865.7
2012-04-01,California,1250.3
2012-04-01,Indiana,477.9
2012-04-01,Michigan,526.5
2012-04-01,Ohio,657.2
2012-04-01,Texas,868.4
2012-05-01,California,1251.1
2012-05-01,Indiana,480.4
2012-05-01,Michigan,528.8
2012-05-01,Ohio,657.6
2012-05-01,Texas,868.5
2012-06-01,California,1252.3
2012-06-01,Indiana,482.9
2012-06-01,Michigan,530.0
2012-06-01,Ohio,659.1
2012-06-01,Texas,871.2
2012-07-01,California,1251.3
2012-07-01,Indiana,485.4
2012-07-01,Michigan,537.6
2012-07-01,Ohio,659.9
2012-07-01,Texas,874.6
2012-08-01,California,1251.0
2012-08-01,Indiana,484.2
2012-08-01,Michigan,532.6
2012-08-01,Ohio,658.3
2012-08-01,Texas,875.1
2012-09-01,California,1249.8
2012-09-01,Indiana,483.8
2012-09-01,Michigan,533.0
2012-09-01,Ohio,658.4
2012-09-01,Texas,876.4
2012-10-01,California,1247.5
2012-10-01,Indiana,485.1
2012-10-01,Michigan,534.4
2012-10-01,Ohio,657.6
2012-10-01,Texas,876.1
2012-11-01,California,1246.8
2012-11-01,Indiana,484.2
2012-11-01,Michigan,534.9
2012-11-01,Ohio,658.0
2012-11-01,Texas,875.8
2012-12-01,California,1246.2
2012-12-01,Indiana,485.4
2012-12-01,Michigan,539.1
2012-12-01,Ohio,658.0
2012-12-01,Texas,876.1
2013-01-01,California,1244.9
2013-01-01,Indiana,486.6
2013-01-01,Michigan,538.8
2013-01-01,Ohio,660.4
2013-01-01,Texas,875.9
2013-02-01,California,1246.6
2013-02-01,Indiana,488.6
2013-02-01,Michigan,541.7
2013-02-01,Ohio,660.9
2013-02-01,Texas,876.8
2013-03-01,California,1245.9
2013-03-01,Indiana,488.4
2013-03-01,Michigan,545.1
2013-03-01,Ohio,661.8
2013-03-01,Texas,877.5
2013-04-01,California,1247.2
2013-04-01,Indiana,488.9
2013-04-01,Michigan,544.1
2013-04-01,Ohio,662.5
2013-04-01,Texas,877.0
2013-05-01,California,1245.7
2013-05-01,Indiana,488.8
2013-05-01,Michigan,545.9
2013-05-01,Ohio,662.8
2013-05-01,Texas,875.7
2013-06-01,California,1246.2
2013-06-01,Indiana,489.3
2013-06-01,Michigan,547.8
2013-06-01,Ohio,663.7
2013-06-01,Texas,876.5
2013-07-01,California,1247.8
2013-07-01,Indiana,488.6
2013-07-01,Michigan,544.5
2013-07-01,Ohio,663.1
2013-07-01,Texas,876.0
2013-08-01,California,1249.2
2013-08-01,Indiana,492.2
2013-08-01,Michigan,551.2
2013-08-01,Ohio,663.6
2013-08-01,Texas,875.8
2013-09-01,California,1250.6
2013-09-01,Indiana,493.4
2013-09-01,Michigan,553.7
2013-09-01,Ohio,664.7
2013-09-01,Texas,876.3
2013-10-01,California,1253.2
2013-10-01,Indiana,494.5
2013-10-01,Michigan,557.0
2013-10-01,Ohio,666.1
2013-10-01,Texas,876.7
2013-11-01,California,1256.6
2013-11-01,Indiana,496.2
2013-11-01,Michigan,558.4
2013-11-01,Ohio,666.7
2013-11-01,Texas,877.3
2013-12-01,California,1257.7
2013-12-01,Indiana,496.8
2013-12-01,Michigan,557.0
2013-12-01,Ohio,667.6
2013-12-01,Texas,876.7
2014-01-01,California,1255.7
2014-01-01,Indiana,498.0
2014-01-01,Michigan,557.5
2014-01-01,Ohio,667.9
2014-01-01,Texas,875.0
2014-02-01,California,1258.5
2014-02-01,Indiana,500.0
2014-02-01,Michigan,565.6
2014-02-01,Ohio,669.4
2014-02-01,Texas,878.5
2014-03-01,California,1259.0
2014-03-01,Indiana,501.7
2014-03-01,Michigan,567.8
2014-03-01,Ohio,670.4
2014-03-01,Texas,879.4
2014-04-01,California,1259.3
2014-04-01,Indiana,503.6
2014-04-01,Michigan,568.8
2014-04-01,Ohio,671.9
2014-04-01,Texas,884.0
2014-05-01,California,1259.8
2014-05-01,Indiana,504.8
2014-05-01,Michigan,572.7
2014-05-01,Ohio,673.7
2014-05-01,Texas,886.9
2014-06-01,California,1261.3
2014-06-01,Indiana,506.0
2014-06-01,Michigan,580.0
2014-06-01,Ohio,674.5
2014-06-01,Texas,887.9
2014-07-01,California,1261.7
2014-07-01,Indiana,504.9
2014-07-01,Michigan,579.9
2014-07-01,Ohio,674.9
2014-07-01,Texas,889.1
2014-08-01,California,1265.4
2014-08-01,Indiana,508.9
2014-08-01,Michigan,580.3
2014-08-01,Ohio,676.9
2014-08-01,Texas,890.6
2014-09-01,California,1267.4
2014-09-01,Indiana,510.3
2014-09-01,Michigan,575.2
2014-09-01,Ohio,678.7
2014-09-01,Texas,891.6
2014-10-01,California,1269.0
2014-10-01,Indiana,511.9
2014-10-01,Michigan,579.5
2014-10-01,Ohio,680.9
2014-10-01,Texas,895.3
2014-11-01,California,1269.8
2014-11-01,Indiana,513.3
2014-11-01,Michigan,582.7
2014-11-01,Ohio,684.3
2014-11-01,Texas,897.9
2014-12-01,California,1272.4
2014-12-01,Indiana,514.7
2014-12-01,Michigan,588.0
2014-12-01,Ohio,683.9
2014-12-01,Texas,900.4
2015-01-01,California,1274.1
2015-01-01,Indiana,515.1
2015-01-01,Michigan,585.4
2015-01-01,Ohio,685.2
2015-01-01,Texas,899.9
2015-02-01,California,1275.0
2015-02-01,Indiana,514.8
2015-02-01,Michigan,585.2
2015-02-01,Ohio,685.5
2015-02-01,Texas,896.0
2015-03-01,California,1275.9
2015-03-01,Indiana,516.0
2015-03-01,Michigan,585.3
2015-03-01,Ohio,685.9
2015-03-01,Texas,892.5
2015-04-01,California,1278.3
2015-04-01,Indiana,515.3
2015-04-01,Michigan,586.4
2015-04-01,Ohio,686.8
2015-04-01,Texas,888.2
2015-05-01,California,1280.1
2015-05-01,Indiana,517.2
2015-05-01,Michigan,589.6
2015-05-01,Ohio,689.0
2015-05-01,Texas,885.0
2015-06-01,California,1282.2
2015-06-01,Indiana,517.4
2015-06-01,Michigan,590.8
2015-06-01,Ohio,688.2
2015-06-01,Texas,881.3
2015-07-01,California,1286.6
2015-07-01,Indiana,518.8
2015-07-01,Michigan,594.1
2015-07-01,Ohio,688.2
2015-07-01,Texas,877.5
2015-08-01,California,1287.1
2015-08-01,Indiana,520.1
2015-08-01,Michigan,595.0
2015-08-01,Ohio,689.7
2015-08-01,Texas,874.4
2015-09-01,California,1287.8
2015-09-01,Indiana,520.7
2015-09-01,Michigan,596.9
2015-09-01,Ohio,688.0
2015-09-01,Texas,871.3
2015-10-01,California,1285.4
2015-10-01,Indiana,520.3
2015-10-01,Michigan,596.5
2015-10-01,Ohio,687.5
2015-10-01,Texas,866.9
2015-11-01,California,1283.8
2015-11-01,Indiana,520.7
2015-11-01,Michigan,597.4
2015-11-01,Ohio,688.6
2015-11-01,Texas,863.9
2015-12-01,California,1284.6
2015-12-01,Indiana,520.4
2015-12-01,Michigan,599.0
2015-12-01,Ohio,687.8
2015-12-01,Texas,860.2
2016-01-01,California,1286.1
2016-01-01,Indiana,521.4
2016-01-01,Michigan,603.8
2016-01-01,Ohio,687.0
2016-01-01,Texas,860.1
2016-02-01,California,1285.9
2016-02-01,Indiana,521.8
2016-02-01,Michigan,600.1
2016-02-01,Ohio,686.6
2016-02-01,Texas,857.5
2016-03-01,California,1283.3
2016-03-01,Indiana,521.6
2016-03-01,Michigan,600.0
2016-03-01,Ohio,686.8
2016-03-01,Texas,854.1
2016-04-01,California,1286.1
2016-04-01,Indiana,521.8
2016-04-01,Michigan,606.3
2016-04-01,Ohio,685.8
2016-04-01,Texas,850.8
2016-05-01,California,1285.6
2016-05-01,Indiana,522.2
2016-05-01,Michigan,603.1
2016-05-01,Ohio,685.9
2016-05-01,Texas,848.0
2016-06-01,California,1284.4
2016-06-01,Indiana,522.4
2016-06-01,Michigan,606.0
2016-06-01,Ohio,684.1
2016-06-01,Texas,844.6
2016-07-01,California,1287.5
2016-07-01,Indiana,525.5
2016-07-01,Michigan,607.0
2016-07-01,Ohio,688.3
2016-07-01,Texas,845.0
2016-08-01,California,1284.0
2016-08-01,Indiana,525.1
2016-08-01,Michigan,604.0
2016-08-01,Ohio,686.9
2016-08-01,Texas,843.6
2016-09-01,California,1283.4
2016-09-01,Indiana,524.4
2016-09-01,Michigan,607.6
2016-09-01,Ohio,688.2
2016-09-01,Texas,843.3
2016-10-01,California,1280.7
2016-10-01,Indiana,524.7
2016-10-01,Michigan,608.0
2016-10-01,Ohio,686.5
2016-10-01,Texas,841.2
2016-11-01,California,1283.3
2016-11-01,Indiana,525.3
2016-11-01,Michigan,611.7
2016-11-01,Ohio,685.7
2016-11-01,Texas,840.6
2016-12-01,California,1283.7
2016-12-01,Indiana,526.2
2016-12-01,Michigan,611.5
2016-12-01,Ohio,686.4
2016-12-01,Texas,840.7
2017-01-01,California,1286.3
2017-01-01,Indiana,527.6
2017-01-01,Michigan,615.5
2017-01-01,Ohio,687.1
2017-01-01,Texas,842.3
2017-02-01,California,1283.8
2017-02-01,Indiana,527.8
2017-02-01,Michigan,614.1
2017-02-01,Ohio,683.5
2017-02-01,Texas,843.6
2017-03-01,California,1280.3
2017-03-01,Indiana,528.3
2017-03-01,Michigan,614.1
2017-03-01,Ohio,685.6
2017-03-01,Texas,846.2
2017-04-01,California,1279.7
2017-04-01,Indiana,529.6
2017-04-01,Michigan,615.4
2017-04-01,Ohio,685.0
2017-04-01,Texas,847.7
2017-05-01,California,1282.5
2017-05-01,Indiana,530.3
2017-05-01,Michigan,617.1
2017-05-01,Ohio,684.4
2017-05-01,Texas,849.7
2017-06-01,California,1285.0
2017-06-01,Indiana,531.4
2017-06-01,Michigan,617.0
2017-06-01,Ohio,686.3
2017-06-01,Texas,853.1
2017-07-01,California,1283.5
2017-07-01,Indiana,532.3
2017-07-01,Michigan,608.8
2017-07-01,Ohio,685.6
2017-07-01,Texas,854.5
2017-08-01,California,1284.9
2017-08-01,Indiana,531.8
2017-08-01,Michigan,617.8
2017-08-01,Ohio,688.8
2017-08-01,Texas,857.0
2017-09-01,California,1284.9
2017-09-01,Indiana,533.8
2017-09-01,Michigan,615.9
2017-09-01,Ohio,686.9
2017-09-01,Texas,858.1
2017-10-01,California,1286.3
2017-10-01,Indiana,535.3
2017-10-01,Michigan,618.7
2017-10-01,Ohio,691.4
2017-10-01,Texas,859.9
2017-11-01,California,1287.7
2017-11-01,Indiana,537.0
2017-11-01,Michigan,620.0
2017-11-01,Ohio,691.6
2017-11-01,Texas,861.4
2017-12-01,California,1289.5
2017-12-01,Indiana,538.3
2017-12-01,Michigan,621.0
2017-12-01,Ohio,692.5
2017-12-01,Texas,864.4
2018-01-01,California,1288.8
2018-01-01,Indiana,539.3
2018-01-01,Michigan,621.3
2018-01-01,Ohio,692.7
2018-01-01,Texas,864.7
2018-02-01,California,1289.0
2018-02-01,Indiana,539.7
2018-02-01,Michigan,624.7
2018-02-01,Ohio,695.8
2018-02-01,Texas,867.9
2018-03-01,California,1290.0
2018-03-01,Indiana,540.3
2018-03-01,Michigan,627.5
2018-03-01,Ohio,696.7
2018-03-01,Texas,871.0
2018-04-01,California,1288.7
2018-04-01,Indiana,541.4
2018-04-01,Michigan,628.3
2018-04-01,Ohio,697.7
2018-04-01,Texas,873.3
2018-05-01,California,1289.9
2018-05-01,Indiana,542.3
2018-05-01,Michigan,628.9
2018-05-01,Ohio,698.1
2018-05-01,Texas,877.7
2018-06-01,California,1291.4
2018-06-01,Indiana,543.4
2018-06-01,Michigan,628.0
2018-06-01,Ohio,699.5
2018-06-01,Texas,881.4
2018-07-01,California,1293.7
2018-07-01,Indiana,542.4
2018-07-01,Michigan,628.3
2018-07-01,Ohio,700.5
2018-07-01,Texas,884.9
2018-08-01,California,1293.1
2018-08-01,Indiana,542.4
2018-08-01,Michigan,629.7
2018-08-01,Ohio,698.9
2018-08-01,Texas,887.4
2018-09-01,California,1294.2
2018-09-01,Indiana,544.0
2018-09-01,Michigan,631.3
2018-09-01,Ohio,699.6
2018-09-01,Texas,890.4
2018-10-01,California,1294.2
2018-10-01,Indiana,545.5
2018-10-01,Michigan,633.7
2018-10-01,Ohio,702.3
2018-10-01,Texas,894.4
2018-11-01,California,1294.7
2018-11-01,Indiana,544.9
2018-11-01,Michigan,633.4
2018-11-01,Ohio,701.8
2018-11-01,Texas,897.0
2018-12-01,California,1293.5
2018-12-01,Indiana,543.8
2018-12-01,Michigan,634.8
2018-12-01,Ohio,702.6
2018-12-01,Texas,897.8
2019-01-01,California,1293.1
2019-01-01,Indiana,544.6
2019-01-01,Michigan,628.9
2019-01-01,Ohio,703.4
2019-01-01,Texas,901.2
2019-02-01,California,1292.9
2019-02-01,Indiana,544.8
2019-02-01,Michigan,634.3
2019-02-01,Ohio,703.4
2019-02-01,Texas,902.6
2019-03-01,California,1291.3
2019-03-01,Indiana,544.2
2019-03-01,Michigan,633.4
2019-03-01,Ohio,702.8
2019-03-01,Texas,904.1
2019-04-01,California,1292.1
2019-04-01,Indiana,542.1
2019-04-01,Michigan,630.7
2019-04-01,Ohio,703.0
2019-04-01,Texas,905.5
2019-05-01,California,1292.5
2019-05-01,Indiana,542.5
2019-05-01,Michigan,628.2
2019-05-01,Ohio,703.2
2019-05-01,Texas,907.0
2019-06-01,California,1293.0
2019-06-01,Indiana,542.1
2019-06-01,Michigan,630.4
2019-06-01,Ohio,702.9
2019-06-01,Texas,909.6
2019-07-01,California,1289.7
2019-07-01,Indiana,535.9
2019-07-01,Michigan,626.4
2019-07-01,Ohio,704.2
2019-07-01,Texas,910.6
2019-08-01,California,1292.8
2019-08-01,Indiana,541.6
2019-08-01,Michigan,629.6
2019-08-01,Ohio,701.1
2019-08-01,Texas,911.2
2019-09-01,California,1292.8
2019-09-01,Indiana,540.9
2019-09-01,Michigan,629.1
2019-09-01,Ohio,699.6
2019-09-01,Texas,911.7
2019-10-01,California,1293.0
2019-10-01,Indiana,539.0
2019-10-01,Michigan,605.9
2019-10-01,Ohio,695.2
2019-10-01,Texas,907.5
2019-11-01,California,1292.6
2019-11-01,Indiana,538.6
2019-11-01,Michigan,625.2
2019-11-01,Ohio,696.0
2019-11-01,Texas,911.3
2019-12-01,California,1292.5
2019-12-01,Indiana,537.8
2019-12-01,Michigan,623.9
2019-12-01,Ohio,693.8
2019-12-01,Texas,910.9
2020-01-01,California,1293.7
2020-01-01,Indiana,536.4
2020-01-01,Michigan,621.0
2020-01-01,Ohio,694.9
2020-01-01,Texas,911.8
2020-02-01,California,1290.7
2020-02-01,Indiana,535.3
2020-02-01,Michigan,620.8
2020-02-01,Ohio,692.6
2020-02-01,Texas,910.9
2020-03-01,California,1284.7
2020-03-01,Indiana,533.1
2020-03-01,Michigan,617.6
2020-03-01,Ohio,691.3
2020-03-01,Texas,909.0
2020-04-01,California,1167.3
2020-04-01,Indiana,420.4
2020-04-01,Michigan,403.3
2020-04-01,Ohio,583.2
2020-04-01,Texas,854.3
2020-05-01,California,1190.3
2020-05-01,Indiana,461.9
2020-05-01,Michigan,429.9
2020-05-01,Ohio,603.8
2020-05-01,Texas,856.6
2020-06-01,California,1213.6
2020-06-01,Indiana,499.4
2020-06-01,Michigan,552.8
2020-06-01,Ohio,647.6
2020-06-01,Texas,858.3
2020-07-01,California,1205.0
2020-07-01,Indiana,504.1
2020-07-01,Michigan,568.2
2020-07-01,Ohio,647.8
2020-07-01,Texas,852.0
2020-08-01,California,1210.1
2020-08-01,Indiana,508.6
2020-08-01,Michigan,570.1
2020-08-01,Ohio,649.5
2020-08-01,Texas,853.0
2020-09-01,California,1214.7
2020-09-01,Indiana,511.7
2020-09-01,Michigan,572.2
2020-09-01,Ohio,654.8
2020-09-01,Texas,855.0
2020-10-01,California,1219.1
2020-10-01,Indiana,513.4
2020-10-01,Michigan,578.1
2020-10-01,Ohio,656.5
2020-10-01,Texas,857.3
2020-11-01,California,1219.9
2020-11-01,Indiana,513.6
2020-11-01,Michigan,579.9
2020-11-01,Ohio,657.7
2020-11-01,Texas,859.5
2020-12-01,California,1221.5
2020-12-01,Indiana,517.3
2020-12-01,Michigan,582.3
2020-12-01,Ohio,660.5
2020-12-01,Texas,862.1
2021-01-01,California,1218.0
2021-01-01,Indiana,519.6
2021-01-01,Michigan,587.3
2021-01-01,Ohio,661.0
2021-01-01,Texas,863.1
2021-02-01,California,1222.2
2021-02-01,Indiana,520.1
2021-02-01,Michigan,586.6
2021-02-01,Ohio,661.8
2021-02-01,Texas,862.0
2021-03-01,California,1227.6
2021-03-01,Indiana,522.4
2021-03-01,Michigan,589.4
2021-03-01,Ohio,664.3
2021-03-01,Texas,867.9
2021-04-01,California,1230.6
2021-04-01,Indiana,519.7
2021-04-01,Michigan,569.8
2021-04-01,Ohio,659.7
2021-04-01,Texas,865.6
2021-05-01,California,1235.1
2021-05-01,Indiana,520.4
2021-05-01,Michigan,575.5
2021-05-01,Ohio,661.0
2021-05-01,Texas,867.4
2021-06-01,California,1236.3
2021-06-01,Indiana,522.1
2021-06-01,Michigan,577.0
2021-06-01,Ohio,661.9
2021-06-01,Texas,870.5
2021-07-01,California,1241.7
2021-07-01,Indiana,525.7
2021-07-01,Michigan,577.4
2021-07-01,Ohio,664.8
2021-07-01,Texas,875.9
2021-08-01,California,1245.4
2021-08-01,Indiana,522.7
2021-08-01,Michigan,580.5
2021-08-01,Ohio,667.0
2021-08-01,Texas,879.2
2021-09-01,California,1246.0
2021-09-01,Indiana,525.6
2021-09-01,Michigan,585.5
2021-09-01,Ohio,666.9
2021-09-01,Texas,879.8
2021-10-01,California,1258.5
2021-10-01,Indiana,530.2
2021-10-01,Michigan,597.1
2021-10-01,Ohio,669.9
2021-10-01,Texas,889.9
2021-11-01,California,1264.4
2021-11-01,Indiana,532.6
2021-11-01,Michigan,599.9
2021-11-01,Ohio,672.2
2021-11-01,Texas,895.0
2021-12-01,California,1269.0
2021-12-01,Indiana,533.4
2021-12-01,Michigan,600.2
2021-12-01,Ohio,673.9
2021-12-01,Texas,900.4
2022-01-01,California,1273.5
2022-01-01,Indiana,533.8
2022-01-01,Michigan,599.3
2022-01-01,Ohio,673.3
2022-01-01,Texas,898.8
2022-02-01,California,1279.7
2022-02-01,Indiana,537.1
2022-02-01,Michigan,596.5
2022-02-01,Ohio,677.0
2022-02-01,Texas,906.2
2022-03-01,California,1283.8
2022-03-01,Indiana,538.7
2022-03-01,Michigan,605.9
2022-03-01,Ohio,680.1
2022-03-01,Texas,912.1
2022-04-01,California,1289.7
2022-04-01,Indiana,540.2
2022-04-01,Michigan,606.3
2022-04-01,Ohio,683.7
2022-04-01,Texas,920.0
2022-05-01,California,1292.8
2022-05-01,Indiana,540.8
2022-05-01,Michigan,605.5
2022-05-01,Ohio,684.0
2022-05-01,Texas,923.7
2022-06-01,California,1296.6
2022-06-01,Indiana,539.8
2022-06-01,Michigan,608.9
2022-06-01,Ohio,682.0
2022-06-01,Texas,925.3
2022-07-01,California,1301.9
2022-07-01,Indiana,545.5
2022-07-01,Michigan,613.1
2022-07-01,Ohio,684.6
2022-07-01,Texas,932.7
2022-08-01,California,1304.0
2022-08-01,Indiana,544.2
2022-08-01,Michigan,611.7
2022-08-01,Ohio,685.6
2022-08-01,Texas,935.2
2022-09-01,California,1303.9
2022-09-01,Indiana,543.3
2022-09-01,Michigan,611.3
2022-09-01,Ohio,686.4
2022-09-01,Texas,938.9
2022-10-01,California,1301.8
2022-10-01,Indiana,543.8
2022-10-01,Michigan,614.3
2022-10-01,Ohio,687.4
2022-10-01,Texas,940.7
2022-11-01,California,1301.8
2022-11-01,Indiana,543.2
2022-11-01,Michigan,615.1
2022-11-01,Ohio,686.5
2022-11-01,Texas,944.2
2022-12-01,California,1300.5
2022-12-01,Indiana,541.8
2022-12-01,Michigan,617.0
2022-12-01,Ohio,686.5
2022-12-01,Texas,946.2
2023-01-01,California,1300.7
2023-01-01,Indiana,534.5
2023-01-01,Michigan,617.9
2023-01-01,Ohio,687.7
2023-01-01,Texas,946.2
2023-02-01,California,1298.8
2023-02-01,Indiana,539.4
2023-02-01,Michigan,618.8
2023-02-01,Ohio,687.9
2023-02-01,Texas,948.3
2023-03-01,California,1296.1
2023-03-01,Indiana,537.5
2023-03-01,Michigan,619.8
2023-03-01,Ohio,688.2
2023-03-01,Texas,949.5
2023-04-01,California,1293.3
2023-04-01,Indiana,536.1
2023-04-01,Michigan,620.6
2023-04-01,Ohio,689.0
2023-04-01,Texas,952.3
2023-05-01,California,1291.8
2023-05-01,Indiana,534.5
2023-05-01,Michigan,620.8
2023-05-01,Ohio,688.7
2023-05-01,Texas,955.0
2023-06-01,California,1289.8
2023-06-01,Indiana,533.6
2023-06-01,Michigan,621.6
2023-06-01,Ohio,690.6
2023-06-01,Texas,959.5
2023-07-01,California,1281.7
2023-07-01,Indiana,532.2
2023-07-01,Michigan,623.1
2023-07-01,Ohio,690.2
2023-07-01,Texas,959.3
2023-08-01,California,1280.2
2023-08-01,Indiana,532.5
2023-08-01,Michigan,619.6
2023-08-01,Ohio,689.5
2023-08-01,Texas,961.2
2023-09-01,California,1282.2
2023-09-01,Indiana,531.9
2023-09-01,Michigan,620.5
2023-09-01,Ohio,689.4
2023-09-01,Texas,963.3
2023-10-01,California,1277.3
2023-10-01,Indiana,529.1
2023-10-01,Michigan,603.2
2023-10-01,Ohio,679.9
2023-10-01,Texas,964.7
2023-11-01,California,1270.8
2023-11-01,Indiana,527.7
2023-11-01,Michigan,614.2
2023-11-01,Ohio,683.4
2023-11-01,Texas,964.9
2023-12-01,California,1268.6
2023-12-01,Indiana,527.5
2023-12-01,Michigan,614.9
2023-12-01,Ohio,685.0
2023-12-01,Texas,966.9
2024-01-01,California,1269.9
2024-01-01,Indiana,526.2
2024-01-01,Michigan,614.2
2024-01-01,Ohio,685.4
2024-01-01,Texas,970.4
2024-02-01,California,1262.1
2024-02-01,Indiana,525.7
2024-02-01,Michigan,612.1
2024-02-01,Ohio,685.2
2024-02-01,Texas,971.5
2024-03-01,California,1258.8
2024-03-01,Indiana,525.2
2024-03-01,Michigan,610.5
2024-03-01,Ohio,685.0
2024-03-01,Texas,972.5
2024-04-01,California,1257.1
2024-04-01,Indiana,524.7
2024-04-01,Michigan,609.3
2024-04-01,Ohio,684.8
2024-04-01,Texas,972.2
2024-05-01,California,1253.6
2024-05-01,Indiana,525.2
2024-05-01,Michigan,610.1
2024-05-01,Ohio,684.9
2024-05-01,Texas,973.4
2024-06-01,California,1250.5
2024-06-01,Indiana,525.1
2024-06-01,Michigan,607.7
2024-06-01,Ohio,685.2
2024-06-01,Texas,974.3
2024-07-01,California,1246.5
2024-07-01,Indiana,519.6
2024-07-01,Michigan,597.0
2024-07-01,Ohio,681.2
2024-07-01,Texas,972.8
2024-08-01,California,1242.9
2024-08-01,Indiana,523.0
2024-08-01,Michigan,603.5
2024-08-01,Ohio,682.2
2024-08-01,Texas,974.7
2024-09-01,California,1240.9
2024-09-01,Indiana,522.8
2024-09-01,Michigan,603.7
2024-09-01,Ohio,683.0
2024-09-01,Texas,976.0
2024-10-01,California,1234.3
2024-10-01,Indiana,522.7
2024-10-01,Michigan,599.7
2024-10-01,Ohio,684.5
2024-10-01,Texas,975.0
2024-11-01,California,1233.8
2024-11-01,Indiana,520.6
2024-11-01,Michigan,599.3
2024-11-01,Ohio,684.7
2024-11-01,Texas,973.7
2024-12-01,California,1234.9
2024-12-01,Indiana,517.2
2024-12-01,Michigan,598.2
2024-12-01,Ohio,684.4
2024-12-01,Texas,972.8
2025-01-01,California,1231.4
2025-01-01,Indiana,519.8
2025-01-01,Michigan,594.5
2025-01-01,Ohio,685.6
2025-01-01,Texas,973.4
2025-02-01,California,1226.5
2025-02-01,Indiana,520.3
2025-02-01,Michigan,602.1
2025-02-01,Ohio,687.0
2025-02-01,Texas,970.8
2025-03-01,California,1223.4
2025-03-01,Indiana,523.0
2025-03-01,Michigan,597.1
2025-03-01,Ohio,687.0
2025-03-01,Texas,970.7
2025-04-01,California,1222.5
2025-04-01,Indiana,521.6
2025-04-01,Michigan,599.3
2025-04-01,Ohio,687.0
2025-04-01,Texas,975.8
2025-05-01,California,1219.0
2025-05-01,Indiana,522.2
2025-05-01,Michigan,598.7
2025-05-01,Ohio,686.5
2025-05-01,Texas,976.4
2025-06-01,California,1213.7
2025-06-01,Indiana,519.9
2025-06-01,Michigan,593.6
2025-06-01,Ohio,688.5
2025-06-01,Texas,974.2
2025-07-01,California,1212.6
2025-07-01,Indiana,520.7
2025-07-01,Michigan,596.3
2025-07-01,Ohio,688.3
2025-07-01,Texas,971.1
2025-08-01,California,1209.0
2025-08-01,Indiana,520.4
2025-08-01,Michigan,594.0
2025-08-01,Ohio,688.9
2025-08-01,Texas,969.1
2025-09-01,California,1204.7
2025-09-01,Indiana,522.2
2025-09-01,Michigan,595.4
2025-09-01,Ohio,688.7
2025-09-01,Texas,967.9
2025-10-01,California,1205.7
2025-10-01,Indiana,521.4
2025-10-01,Michigan,597.7
2025-10-01,Ohio,690.8
2025-10-01,Texas,967.1
2025-11-01,California,1202.2
2025-11-01,Indiana,520.4
2025-11-01,Michigan,596.1
2025-11-01,Ohio,693.5
2025-11-01,Texas,969.1
2025-12-01,California,1202.3
2025-12-01,Indiana,518.8
2025-12-01,Michigan,596.6
2025-12-01,Ohio,692.9
2025-12-01,Texas,969.5
